nombre_limpio,total_docs,riesgo_cronico,riesgo_agudo,microbiota,beneficio,evidencia_humana
Dicalcium citrate,51,0,4,0,8,8
Butylated hydroxytoluene,3926,1044,206,9,3599,571
Magnesium citrate,571,79,29,3,95,321
Potassium ascorbate,12,4,0,0,10,2
lipase,55491,5072,3105,844,8191,12518
Potassium carbonates,19,0,0,0,3,0
Propylene glycol,7520,582,699,64,2137,1687
Aluminium ammonium sulphate,4,0,0,0,0,0
sodium alginate,9686,761,647,139,2495,1440
Alkannin,167,51,42,1,92,34
Citrus Red 2,7,2,3,0,0,3
Monoammonium glutamate,3,1,0,0,0,2
Starch aluminium octenyl succinate,2,1,0,1,0,0
Ammonium phosphate,1359,53,17,10,195,245
Lysozyme,31612,3584,2543,779,5049,5323
Calcium hydrogen carbonate,12,0,0,0,0,6
Erythritol,2947,113,91,90,590,436
Calcium aluminium silicate,5,0,0,0,0,0
Erythorbin acid,3740708,537025,216818,60926,697078,847784
Green s,9089,1022,291,184,499,2133
Acetylated distarch adipate,10,2,0,1,1,2
Nitrogen oxide,2091,301,200,16,809,466
Violaxanthin,1235,26,16,2,691,54
Calcium guanylate,2618,228,67,2,1009,373
Maltol,655,75,58,8,166,139
Potassium nitrite,65,12,0,0,22,13
Sorbitan tristearate,20,2,1,0,2,1
Sodium benzoate,1816,156,168,25,479,387
Potassium phosphates,40,3,0,0,12,7
Red iron oxide,28,2,2,1,5,5
Sodium pectate,15,1,0,0,1,1
Chlorophylls and Chlorophyllins,571,231,33,7,484,132
Alkaline modified starch,832,41,10,5,160,66
Calcium iodate,14,0,0,0,2,4
Sodium acetate,4827,350,141,110,644,698
Sorbitan monopalmitate,54,4,3,0,11,11
calcium peroxide,528,121,28,14,139,99
Calcium bisulphite,233,104,10,1,38,99
Calcium hydroxide,7412,263,615,37,1057,2712
Soybean hemicellulose,2,1,0,0,0,1
Magnesium Gluconate,42,1,0,0,4,13
Phosphoric acid,11263,393,181,26,1454,2624
Beetroot red,10,1,0,0,5,2
flavin mononucleotide,4347,252,59,23,567,453
Oxygen,886680,130154,68181,6400,222399,242104
Quillaia extract,9,4,0,0,0,1
Dipotassium tartrate,7,1,0,0,0,2
carotene,22545,4738,1110,144,16214,8151
Tocopherol-rich extract,7,1,1,0,6,1
Gardenia Blue,30,6,1,0,5,3
Potassium malate,13,0,0,0,2,0
Sodium fumarate,31,2,1,2,3,6
Brilliant black bn,14,2,0,1,2,4
Rubixanthin,20,1,0,0,18,1
Sodiumglycinate,1,0,0,0,0,0
Magnesium silicates,691,53,18,7,151,93
Alpha-Amylase,17358,1010,1141,349,5291,3990
Hydrogenated poly-1-decene,4,1,0,0,0,1
Calcium stearoyl-2-lactylate,5,0,0,0,0,1
Sulphite ammonia caramel,11,5,1,1,1,3
Carotenoids,35402,4891,1968,352,29273,8039
Magnesium hydroxide carbonate,814,14,15,4,118,227
Calcium inosinate,596,44,17,2,122,72
Ammonium acetate,6221,516,112,12,722,1328
Polyoxyethylene sorbitan monopalmitate,6,1,1,0,1,3
Lanolin,786,37,219,2,146,217
Polyvinylpyrrolidone-vinyl acetate copolymer,28,2,2,0,8,3
Desconocido,281,130,22,0,7,83
synthetic magnesium silicates,112,35,4,0,18,22
Ferrous lactate,41,0,3,1,11,17
Sodium stearoyl fumarate,1,0,0,0,0,1
sodium thiosulfate,2247,482,194,13,1346,557
Pectin,14358,862,693,737,3426,1657
Bleached starch,97,1,0,1,20,2
Ammonium phosphatides,7,0,0,1,2,0
Peonidin,849,85,62,14,379,175
Bone phosphate,25,1,0,0,1,5
Paprika extract,24,3,1,2,12,6
Sodium adipate,2,0,0,0,0,0
Ammonium sulphate,3156,204,102,9,271,357
Tara gum,89,4,2,4,23,15
Anoxomer,2,0,0,0,2,0
Sodium ascorbate,1181,247,38,3,801,303
Disodium citrate,17,0,0,0,2,5
Riboflavin,17007,1399,596,272,2898,4809
Amaranth,2114,124,98,37,444,308
Glycerol esters of wood rosin,3,0,0,0,0,0
Mannitol,26784,2547,1514,1695,6398,6145
Ammonium carbonates,14910,532,111,360,2008,1152
Aluminium sodium sulphate,1,0,0,0,0,0
Ammonium alginate,13,0,0,0,0,0
Ammonium polyphosphate,333,1,0,1,67,1
Thaumatin,907,31,109,15,90,89
Monopotassium citrate,18,0,0,0,4,4
Polyglycitol syrup,1,0,0,0,0,0
Acetylated distarch glycerol,0,0,0,0,0,0
Dicalcium diphosphate,30,1,2,0,5,5
Hydroxy propyl distarch glycerine,0,0,0,0,0,0
Pectins,9566,612,499,441,2174,1167
Extracts of rosemary,39,9,3,2,28,8
E101a food additive,1,0,0,0,1,0
Advantame,38,7,2,5,3,15
Monosodium tartrate,27,3,2,0,8,8
Calcium benzoate,7,0,0,0,1,1
Dipotassium guanylate,0,0,0,0,0,0
Natamycin,1395,47,70,10,152,333
Magnesium trisilicate,602,28,9,3,125,158
Ethyl methyl cellulose,1,1,0,0,0,1
Metatartaric acid,13,0,1,0,3,1
Silicon dioxide,46466,6480,1840,190,6990,7616
Triphosphates,5584,1049,69,6,458,721
Pelargonidin,984,109,86,22,435,169
Vegetable carbon,14,4,1,0,7,2
Ponceau 6R,8,0,0,0,0,1
Litholrubine bk,2,0,0,0,0,0
Sodium orthophenyl phenol,0,0,0,0,0,0
Agar,96296,14828,2285,1253,8279,24498
Desconocido,281,130,22,0,7,83
Ethyl cellulose,1985,97,144,13,474,252
Triammonium citrate,17,0,0,0,1,1
potassium lactate,226,7,5,2,22,81
Boric acid,3730,296,159,21,550,585
Propane-1‚2-diol esters of fatty acids,1,1,0,0,0,0
Potassium gluconate,120,7,3,2,16,11
Calcium ferrocyanide,95,11,6,0,50,10
Azodicarbonamide,143,36,11,0,13,20
Potassium hydrogen sulphate,496,91,7,1,73,47
Sodium phosphates,59,2,2,1,4,14
Fatty acid methyl ester,1149,38,36,28,109,93
D-Maltitol,2,0,0,0,1,1
Hydrogen,732584,60903,20705,5502,124313,92559
Calcium disodium ethylenediaminetetraacetate,38,1,0,0,12,5
Ascorbyl stearate,20,10,2,0,16,9
Orcein,827,159,45,1,58,261
Propyl para-hydroxybenzoate,3,1,1,0,2,0
L(+)-tartaric acid,375,15,10,1,42,30
Potassium silicate,140,3,1,2,35,4
Biphenyl,34298,5654,2305,153,11527,8463
Azodicarbonamide and Carbamide,13,5,0,0,1,0
concentrated tocopherol,8783,1509,474,56,7732,3119
Cellulose,114318,6962,3307,1715,13468,11539
Rebaudioside from multiple gene donors expressed in Yarrowia lipolityca,0,0,0,0,0,0
Propane,10946,1561,285,55,1486,1393
Plant carotenes,27244,2180,1651,163,14591,3656
Disodium inosinate,20,1,0,0,1,10
Mineral oil medium viscosity,30,3,3,0,6,6
Sodium propyl para-hydroxybenzoate,69,1,4,0,27,10
Chlorine dioxide,1883,172,33,22,227,386
Dimethyl dicarbonate,34,1,2,1,8,3
Calcium hydrogen malate,133,4,1,2,35,11
Processed eucheuma seaweed,11,3,2,1,1,3
Acetylated distarch phosphate,26,2,0,1,4,1
Calcium sorbate,6,3,0,0,0,2
Sodium sulphite,141,9,5,2,27,15
Talc,3967,1357,313,6,339,1104
Propylene Glycol,7520,582,699,64,2137,1687
isomalt,141,5,9,2,23,37
Anionic methacrylate copolymer,3,2,0,0,0,0
Glutamic acid,68911,6138,2801,421,13717,12694
Sorbitan monooleate,526,59,28,4,104,74
Erythrosine,899,94,55,3,118,187
Hydrochloric acid,15868,879,668,65,2465,2178
Formaldehyde,41279,7421,3806,105,5512,9009
Sodium hydrogen malate,180,7,11,1,53,10
Lecithin citrate,118,8,5,2,31,20
Carrageenan,15643,2236,9201,139,9118,1779
calcium lactate,654,58,16,2,97,210
Leucine,99571,17982,5417,886,11381,21781
Annatto,332,47,39,8,246,83
Magnesium diglutamate,4,3,0,0,1,2
Sodium gluconate,1147,61,37,2,117,370
Basic methacrylate copolymer,3,2,0,0,1,1
Hydroxypropyl distarch phosphate,32,2,0,1,3,2
Polyglycerol polyricinoleate,150,8,2,2,80,14
Trisodium phosphate,241,9,3,3,20,34
Orange GGN,4,0,0,0,0,0
Spiramycin,1726,110,104,12,136,436
Sulphuric acid,1895,86,19,4,197,188
ammonium malate,8,0,0,0,0,0
Tragacanth,544,33,32,2,135,77
Pullulan,2224,276,102,23,459,315
Monopotassium glutamate,28,4,0,0,1,13
Helium,16400,1039,634,18,994,2526
Octyl gallate,211,39,30,3,118,44
Methyl glucoside-coconut oil ester,1950,196,91,3,403,151
Sodium nitrate,1594,715,51,25,366,209
Dicalcium phosphate,1074,21,52,4,147,207
Neutral methacrylate copolymer,2,2,0,0,1,1
Mineral oil high viscosity,7617,893,453,64,1278,1208
Zinc acetate,1436,112,50,12,374,278
Sodium ferrocyanide,46,2,0,0,14,3
white and yellow beeswax,39,3,4,0,12,7
Oligoesters of sucrose type I,1,0,0,0,0,0
Dehydroacetic acid,181,12,8,0,19,25
Polyoxyethylene sorbitan monostearate,18,6,2,0,2,0
Copper complexes of chlorophyllins,1,1,0,0,0,0
ammonium persulfate,855,58,81,0,120,116
Partially hydrolyzed lecithin,15,0,0,0,2,2
Monopotassium phosphate,74,6,1,0,20,11
Alitame,50,2,3,0,5,15
Cross-linked sodium carboxymethylcellulose,8,0,0,0,1,2
Calcium formiate,6,0,0,0,0,0
Stearyl citrate,8,1,0,1,0,3
Monostarch phosphate,5,1,0,1,1,0
DL-Alpha-tocopherol,471,83,19,3,428,113
Chlorophylls,3731,128,53,17,1410,182
Enzymatically produced steviol glycosides,21,2,0,2,1,2
Sodium acetates,7,1,0,1,1,1
Polyoxyethylene sorbitan monolaurate,41,0,1,0,5,6
Polydextrose,374,29,32,104,180,165
Titanium dioxide,24736,2538,1015,189,18388,3322
Sucrose esters of fatty acids,20,1,1,1,5,5
Aluminium stearate,8,0,1,0,2,0
Potassium carbonate,945,56,15,2,153,72
Alanin,332,38,19,2,48,96
Algal carotenes,915,63,42,24,531,91
ethyl acetate,22908,3803,2267,181,7599,4366
saffron,2876,566,473,56,1343,863
Acetic acid,61727,7188,5840,2748,13453,9230
Polyoxyethylene (8) stearate,2,2,0,0,0,1
Calcium dihydrogen diphosphate,783,56,11,0,187,73
Magnesium oxide,3964,269,102,24,922,826
Triethyl citrate,288,5,15,0,57,31
Thiodipropionic acid,47,7,0,0,17,6
Karaya-gum,191,13,14,0,44,40
Calcium sulphate,481,36,14,3,40,154
Sodium hydrogen carbonate,210,29,11,2,33,46
Potassium adipate,61,1,0,2,7,2
Carbon dioxide,149545,7133,3290,879,12320,30138
Sodium sorbate,16,10,0,0,2,4
Microcrystalline wax,45,0,3,0,8,8
Monosodium phosphate,143,5,2,2,17,28
maltitol,372,13,11,9,58,109
Sodium metabisulphite,193,11,32,1,57,51
Acetylated oxidised starch,184,12,14,9,37,17
Aspartame,2009,261,153,81,253,775
Salt of aspartame-acesulfame,2,0,0,0,0,2
Hydroxy propyl distarch glycerol,0,0,0,0,0,0
Benzoin resin,6,0,0,0,1,0
Microcrystalline cellulose,4092,74,153,65,538,306
Calcium lactobionate,6,0,1,0,3,2
D-Alpha-tocopherol,644,194,46,16,505,194
Steviol glycosides from Stevia,475,42,26,15,104,85
Annatto norbixin,7,0,0,0,6,2
Argon,21055,2944,447,16,1375,4465
Desconocido,281,130,22,0,7,83
Acetylated starch,106,6,0,6,7,11
Potassium polyphosphate,422,24,11,1,80,44
Magnesium chloride,4134,243,77,18,654,597
E411 food additive,2,0,0,0,1,0
Ammonium Pectate,42,0,0,0,5,0
Mono- and diacetyltartaric acid esters of mono- and diglycerides of fatty acids,3,0,0,0,0,0
Pentasodium triphosphate,17,1,0,0,2,4
Ethyl ester of beta-apo-8'-carotenic acid (C 30),0,0,0,0,0,0
Ethyl gallate,307,47,47,5,157,52
Steviol glycosides,534,34,25,19,116,114
Cassia gum,26,4,0,0,7,2
Ammonium hydroxide,1775,150,45,5,219,241
Yellow 2G,16,3,0,0,2,0
Calcium salts of fatty acids,57,2,0,2,11,7
Trisodium diphosphate,58,6,3,0,8,14
Calcium polyphosphate,155,11,10,1,15,38
Alpha-tocopherol,19241,3599,1210,102,17099,6281
Acid-treated modified starch,9,0,0,1,3,0
Sucrose acetate isobutyrate,82,12,7,0,15,14
Carbamide,2016,67,76,7,291,995
Distarch glycerine,0,0,0,0,0,0
Potassium citrates,3666,140,113,20,772,1097
Sodium hydrogen sulphate,5,0,0,0,1,1
Modified Starch,1258,35,17,18,234,133
Indigotine,24,5,5,1,4,3
potassium iodate,270,25,1,0,50,59
ammonium fumarate,16,1,0,0,0,0
non-amidated pectines,0,0,0,0,0,0
Tetrapotassium diphosphate,17,1,1,0,9,7
Isopropyl citrates,1,0,0,0,0,0
Calcium sulphite,1,0,0,0,0,0
Nitrous oxide,26264,1075,418,348,2574,6880
Propionic acid,11953,1078,1294,1728,3263,2165
Sodium salts of fatty acids,13,1,1,0,1,0
Dimagnesium phosphate,9,0,0,0,0,1
Ethyl maltol,114,11,3,0,23,29
Sodium tartrates,1213,83,44,5,244,223
Carnauba wax,325,13,14,6,86,30
L-cysteine hydrochloride monohydrate,13,0,0,0,2,2
chloropentafluoroethane,8,0,0,0,2,0
Konjac glucomannan,1136,45,87,77,311,138
Alkaline sodium aluminium phosphate,3,0,0,0,0,0
Citric acid,34818,3302,1257,335,5816,7506
Nisin,3145,139,77,154,441,411
Hydroxypropyl methyl cellulose,526,26,41,1,112,77
pectin amide,1,0,0,0,0,1
sodium erythorbate,102,14,2,2,75,14
hemimorphite,17,1,0,0,0,2
Ethoxylated Mono- and Di-Glycerides,0,0,0,0,0,0
Alpha-Cyclodextrine,2,0,0,0,0,0
Tripotassium phosphate,14,1,1,1,7,1
Indanthrene blue RS,4,0,0,1,0,0
Sorbitol syrup,3,0,0,0,0,2
calcium propionate,192,14,6,11,22,34
Dichlorodifluoromethane,166,10,4,0,15,26
Tartaric acid esters of mono- and diglycerides of fatty acids,1,0,0,0,0,0
Ammonium polyphosphate,333,1,0,1,67,1
Mono- and diglycerides of fatty acids,24,5,2,2,3,5
Hexamethylene tetramine,40,0,2,0,9,3
E571,181,46,12,0,14,76
Enzymatically hydrolysed carboxymethylcellulose,15,0,0,1,1,0
Cholic acid,5129,645,298,433,830,1226
Aluminium,17008,1110,856,45,2416,3500
Sodium tetraborate (borax),54,6,2,1,6,8
Riboflavin,17007,1399,596,272,2898,4809
Polyvinyl alcohol-polyethylene glycol-graft-co-polymer,1,0,0,0,0,0
Ammonium carbonate,375,23,3,3,35,37
Potassium hydrogen carbonate,19,2,0,0,2,1
Brilliant blue FCF,156,16,4,2,16,24
Potassium acetate,593,36,5,1,64,42
Polyoxyethylene (40) stearate,33,7,0,1,4,8
Synthetic wax,20,0,0,0,0,1
Astaxanthin,4448,651,740,121,2973,940
Calcium citrates,6347,295,182,34,1124,2345
Acetylated starch,106,6,0,6,7,11
Potassium salts of fatty acids,13,2,0,0,2,2
Bentonite,5739,315,130,76,4107,494
sodium dodecyl sulfate,46671,4423,1756,141,4244,6913
Candelilla wax,111,0,2,0,24,7
Gamma-Cyclodextrine,4,0,0,0,2,2
Lactitol,369,17,33,30,68,143
1‚4-Heptonolactone,0,0,0,0,0,0
Sodium carbonate,2427,125,43,9,356,271
Dimethyl polysiloxane,78,6,0,0,9,4
Potassium nitrate,1295,61,198,12,288,352
Calcium carbonates,195,6,1,2,18,12
Carbomer,763,49,117,15,249,226
Starch sodium octenyl succinate,13,1,1,1,2,1
Nicotinic acid,12433,665,414,95,1338,1578
Copper complexes of chlorophylls,1,1,0,0,0,0
Potassium propionate,21,1,0,0,5,1
E638,164,34,5,3,8,70
Malic acid,5816,343,136,121,1158,565
Gold,292615,51501,13846,1094,21924,104693
Dextrin,1873,148,110,76,338,357
ammonium adipate,3,0,0,0,1,0
Butane,3997,448,76,40,480,473
Succinylated monoglycerides,19,3,1,0,4,4
Monocalcium phosphate,271,5,8,4,19,50
mineral oil,4624,714,357,22,700,768
Dimethylpolysiloxane and Methylphenylpolysiloxane,0,0,0,0,0,0
Brown FK,48,7,1,0,1,7
Glyceryl diacetate,10,4,1,0,5,2
Chlorophyllins,43,11,3,0,30,5
Dipotassium phosphate,68,6,2,0,13,15
Sodium nitrite,3532,729,138,25,1259,524
Lecithin,12554,852,588,120,2315,2968
Calcium tartrate,45,4,0,0,4,4
Iron oxides and iron hydroxides,870,58,10,8,157,60
Nitrogen oxides,10897,1375,539,73,4230,2011
Calcium fumarate,13,0,0,0,2,3
Sodium calcium polyphosphate,343,13,24,2,148,109
Potassium tartrates,857,76,15,0,157,130
Gelatine,2451,233,149,14,319,730
Ethyl p-hydroxybenzoate,159,36,7,3,35,58
Petunidin,582,53,38,13,248,100
Annatto bixin,109,16,9,0,87,19
Propyl gallate,1050,208,82,6,849,154
Magnesium hydroxide,1870,90,102,6,344,562
Citric acid esters of mono- and diglycerides of fatty acids,1,0,0,0,0,0
Ethanol,194421,20877,11666,2241,40077,40013
Gamme-tocopherol,0,0,0,0,0,0
Sodium bisulphite,132,48,5,0,41,27
Sunset yellow FCF,130,10,6,1,14,17
Glucose oxidase,10789,1445,329,42,2037,1698
Sodium malate,24,2,2,0,3,4
octafluorocyclobutane,39,0,0,0,5,4
Glycine and its sodium salt,1938,98,62,16,416,220
Lutein,7829,1318,456,61,4750,3135
Sodium methyl p-hydroxybenzoate,121,5,7,1,35,13
Calcium Disulphite,0,0,0,0,0,0
Tagatose,698,16,19,33,116,89
Gum Guaicum,0,0,0,0,0,0
Paraffin wax,2054,759,81,3,119,722
Magnesium carbonates,57,1,1,1,1,4
Choline salt,34,3,5,0,14,6
Calcium alginate,2771,161,116,28,462,403
Tetrasodium diphosphate,6,1,0,0,2,0
Dodecyl gallate,80,9,17,1,46,20
Enzyme treated starch,2422,407,222,98,693,639
Ponceau 4r,212,18,13,0,18,28
Monosodium glutamate,2537,171,241,35,513,505
Caustic sulphite caramel,0,0,0,0,0,0
Calcium malate,18,1,0,0,0,1
Ethoxyquin,414,143,18,10,300,52
Sulphur dioxide,1419,85,198,4,233,546
Calcium chloride,12212,631,359,30,2529,1691
Erythorbic acid,85,10,2,0,72,12
E642,149,27,8,0,8,60
Oxidised starch,11,1,0,1,0,2
Desconocido,281,130,22,0,7,83
Arabinogalactan,2728,184,135,101,474,277
Allura red,297,31,21,10,26,34
Citranaxanthin,11,1,0,0,8,1
Magnesium lactate,51,1,1,0,5,20
Polyethylene glycol,44445,9496,2679,459,7889,11063
D-sorbitol,773,37,14,12,102,99
Sodium tripolyphosphate,1037,95,44,14,278,200
Potassium persulfate,654,29,31,3,103,47
Acetic acid esters of mono- and diglycerides of fatty acids,7,0,0,0,1,0
Glycolipids,19458,3054,1095,272,1993,3648
Mineral oil medium and low viscosity class III,2,0,0,0,0,0
Oxidised polyethylene wax,63,3,2,5,8,5
Sodium/potassium/calcium and magnesium salts of fatty acids,1,1,0,0,0,0
Fatty acids,283766,29699,26544,19287,62873,72954
Polyoxyethylene sorbitan monooleate,88,7,2,1,14,10
Chlorine,32176,3340,716,251,3763,4513
Calcium acetate,625,36,27,2,75,229
Nitrogen,347631,27149,12243,8975,54118,48664
Riboflavin-5′-phosphate,184,16,7,1,21,25
Patent blue v,239,141,52,0,10,101
Calcium 5'-ribonucleotide,5,0,0,0,0,1
Ammonium hydrogen carbonate,66,2,0,0,5,10
Tricalcium phosphate,8670,562,442,12,774,2724
Sodium citrates,11783,767,465,69,2341,3418
Nitrosyl chloride,55,6,0,0,12,1
Amidated pectin,81,2,1,2,14,13
Sodium aluminium silicate,11,1,0,0,2,1
Sodium sesquicarbonate,31,0,0,1,1,5
Sodium/potassium and calcium salts of fatty acids,4,2,0,0,1,2
Dicalcium diphosphate,30,1,2,0,5,5
Sodium formiate,6,0,0,0,1,1
l-cysteine,14145,3443,1023,129,6471,3455
Ethulose,1,0,0,0,0,0
Sodium sulphate,1012,218,411,125,351,190
Magnesium stearate,935,15,51,5,168,73
acid esters of mono- and diglycerides of fatty acids,2,0,0,0,0,0
Aluminium silicate,109,6,9,1,19,15
Beta-cyclodextrine,58,7,4,0,11,15
Sodium propionate,493,61,52,69,141,83
Acid sodium aluminium phosphate,10,0,0,0,1,3
Konjac gum,76,1,3,4,13,4
Glucono-delta-lactone,456,12,9,6,64,32
Guanylic acid,210,30,3,0,15,14
Monomagnesium phosphate,2,0,0,0,0,2
Polyglycerol esters of fatty acids,23,2,0,0,10,3
Thermally oxidised soya bean oil interacted with mono- and diglycerides of fatty acids,2,2,0,0,0,0
Pentapotassium triphosphate,3,0,0,0,3,0
Distarch glycerol,0,0,0,0,0,0
Delphinidin,1689,256,150,27,764,360
dipotassium dihydrogenpyrophosphate,0,0,0,0,0,0
Sucralose,1321,105,106,204,172,530
Ethyl lauroyl arginate,45,0,1,2,7,8
Neotame,145,14,7,11,11,45
Rhodoxanthin,35,2,0,0,23,1
E450viii,0,0,0,0,0,0
Potassium chloride,26770,1595,659,52,6016,4166
Benzyl alcohol,4039,184,181,23,514,411
Bakers yeast glycan,439,34,28,9,89,52
Cyclamic acid and its Na and Ca salts,1,0,0,0,0,0
Disodium diphosphate,3,0,0,0,0,0
Red 2G,25,7,0,0,2,3
Potassium ferrocyanide,411,23,2,2,69,27
Potassium sorbate,725,44,20,23,142,95
Polyoxyethylene sorbitan tristearate,2,1,0,0,0,1
Sodium dehydroacetate,63,4,4,1,12,10
Tylosin,2483,54,69,99,214,335
ammonium lactate,97,8,8,3,18,26
Ammonium chloride,9525,921,223,31,1261,1169
Locust bean gum,1032,49,49,23,202,168
Zeaxanthin,4607,523,221,34,3096,1664
Calcium polyphosphate,155,11,10,1,15,38
peptone,6090,359,158,88,581,689
Calcium oxide,1079,43,28,7,113,111
Xanthan gum,3183,114,139,38,631,440
Delta-tocopherol,596,108,44,7,519,167
Potassium sulphates,6,1,0,0,0,2
Disodium phosphate,324,77,43,0,121,87
Petroleum wax,1270,37,9,10,143,112
Quinoline yellow,116,9,15,0,11,19
Glucosylated steviol glycosides,6,0,1,0,1,2
Acesulfame k,348,40,13,30,32,155
Calcium diglutamate,4,2,0,0,0,2
Invertase,4143,107,31,74,442,135
Methyl p-hydroxybenzoate,88,3,4,0,16,7
Sodium polyphosphate,98,4,2,1,17,18
Curdlan,1039,148,151,31,219,172
Polyvinylpyrrolidone,8149,674,412,45,1529,1040
Sodium hydroxide,10869,514,305,37,1465,1218
Sorbic acid,1614,195,90,20,320,325
Fatty acid esters of ascorbic acid,176,28,10,3,152,29
Calcium bromate,18,7,2,0,5,1
Guar gum,2877,170,156,144,582,645
Powdered cellulose,63,3,0,0,2,8
Stannous chloride,845,133,45,2,244,231
Magnesium carbonate,896,37,23,16,110,168
Lactic acid,90130,9742,5310,5488,16555,25957
Benzole peroxide,1468,270,51,3,647,155
Black 7984,61,7,0,0,11,40
Succistearin,1,0,0,0,0,0
Magnesium pyrophosphate,176,9,1,0,19,15
Silver,152088,18292,6486,738,18013,40055
Plain caramel,5,2,0,1,0,3
Calcium malates,872,45,8,3,176,128
Brown ht,25,4,0,0,0,3
Xanthophylls,6576,895,711,112,4226,1676
Adipic acid,1445,105,49,29,259,173
Synthetic magnesium silicate,73,8,0,0,9,7
Hydroxypropyl cellulose,981,55,56,7,151,111
Thiabendazole,2885,303,126,8,248,347
Monopotassium tartrate,1,0,0,0,0,0
Shellac,442,21,40,3,109,66
Caramel,804,109,21,13,96,204
Lycopene,7546,1934,678,81,6349,2911
Beta-carotene,19653,4338,1022,129,14155,7392
Buffered vinegar,18,1,0,4,3,3
Lactylated fatty acid esters of glycerol and propane-1,0,0,0,0,0,0
ferrous hexacyanomanganate,0,0,0,0,0,0
calcium gluconate,2249,0,74,9,298,598
Sodium malates,2144,162,318,4,606,528
calcium glycerophosphate,131,2,3,3,57,50
Glycine,120326,12670,4632,1658,18544,20803
Flavoxanthin,13,2,0,0,10,1
Spermaceti,49,1,0,0,2,3
Sodium stearoyl-2-lactylate,30,1,1,2,0,2
Hydroxypropyl starch,97,4,2,3,15,4
E543 food additive,6,1,1,0,2,0
Propane-1‚2-diol alginate,240,14,15,2,55,64
Nitrogen,347631,27149,12243,8975,54118,48664
Ferrous carbonate,37,1,1,0,3,3
Tertiary-butylhydroquinone (tbhq),80,22,8,0,75,8
Brominated vegetable oil,17,1,0,0,0,2
Scarlet GN,3,0,0,0,1,1
Distarch phosphate,74,3,0,2,10,8
Copper complexes of chlorophylls and chlorophyllins,49,25,5,1,40,15
Trisodium citrate,824,57,21,5,109,221
Disodium guanylate,15,1,0,0,2,7
Isobutane,528,29,2,0,24,40
sodium lactate,1312,92,55,14,218,365
petroleum jelly,414,27,45,3,80,143
Calcium phosphates,16372,1196,733,35,2293,4987
Sodium diacetate,171,3,0,3,22,39
Beta-carotene from blakeslea trispora,103,5,2,0,67,5
Azorubine,62,4,7,0,7,7
Benzoic acid,13656,1749,802,177,3203,2057
Exxx food additive,384129,36938,20776,6682,73632,86501
Guaiacum,57,9,5,0,9,11
Sodium carboxy methyl cellulose,55,5,7,2,16,9
Glycyrrhizin,2293,441,714,42,1649,586
Potassium alginate,21,0,2,1,4,1
Formic acid,18778,1386,364,159,2144,2958
Carbonates,13346,455,126,90,1481,1213
Glyceryl triacetate,51,8,9,4,17,7
Lecithins,2928,213,169,46,680,519
Black iron oxide,27,4,2,0,4,9
Beta-apo-8′-carotenal (c30),11,1,0,0,7,0
Malvidin,1166,116,104,19,515,208
Mixed acetic and tartaric acid esters of mono- and diglycerides of fatty acids,2,0,0,0,0,0
Sodium ethyl p-hydroxybenzoate,5,0,0,0,1,1
Monocalcium citrate,1,0,0,0,0,1
Polyvinylpolypyrrolidone,272,15,8,5,54,22
Cochineal,237,21,44,3,33,25
Potassium benzoate,34,3,1,0,5,7
Oat lecithin,12,0,1,0,1,4
Sodium carbonates,28,0,0,2,3,0
Sorbitan monostearate,256,39,20,2,48,41
Alginic acid,827,85,37,13,153,123
Magnesium sulphate,1972,74,143,2,301,968
Butylated hydroxyanisole (bha),918,635,38,6,858,123
Methylphenylpolysiloxane,4,0,0,0,0,0
Potassium metabisulphite,52,2,0,0,9,3
Gellan gum,1719,120,101,29,383,306
Calcium carbonate,15405,930,396,159,1753,2903
Desconocido,281,130,22,0,7,83
Potassium aluminium silicate,8,0,0,0,1,0
Inosinic acid,241,31,13,5,36,30
Succinic acid,8128,799,390,311,1519,1144
iron gluconate,90,5,16,0,4,52
Potassium sulphate,104,4,2,0,13,12
Orthophenyl phenol,4,1,0,0,3,0
methyl cellulose,2002,208,136,11,397,361
Maltitol syrup,8,0,1,0,1,4
Anthocyanins,19059,1858,1784,482,9392,3611
Polyphosphates,5702,472,174,71,894,967
Rice bran wax,90,3,1,1,15,7
Calcium silicate,3675,181,183,7,311,1047
Canthaxanthin,927,163,20,2,797,144
Wax ester,449,10,6,5,35,45
Sucroglycerides,9,0,0,0,1,2
Gluconic acid,2596,279,112,57,475,423
Castor oil,3100,260,356,42,717,502
Ascorbyl palmitate,336,52,28,3,292,61
Potassium bromate,520,370,21,1,171,106
Potassium pectate,3,0,1,0,2,1
Dipotassium inosinate,3,0,1,0,2,0
acetone peroxide,8,0,0,0,0,1
Cyanidin,4401,560,450,123,2298,957
ferric ammonium citrate,726,174,49,5,217,202
Sorbitan trioleate,85,8,3,0,12,10
Stearyl tartrate,2,1,0,0,0,1
Esters of Colophane,0,0,0,0,0,0
Tannin,6330,432,349,175,1951,838
Potassium sodium tartrate,45,2,1,0,5,7
Potassium bromate,520,370,21,1,171,106
Sodium silicate,1042,21,10,3,127,49
Disodium 5'-ribonucleotide,5,0,0,0,3,0
Diphosphates,8317,806,156,12,989,1388
Montanic acid esters,2,0,1,0,2,0
E15x food additive,384129,36938,20776,6682,73632,86501
Aluminium potassium sulphate,10,1,1,0,0,1
Glycerol,72164,5542,2306,678,34325,11069
Magnesium salts of fatty acids,2,1,0,0,1,0
Tartrazine,1029,95,248,12,229,192
Sandalwood,374,54,44,5,68,95
Tripotassium citrate,17,0,0,0,2,7
Sodium sulphates,84289,11192,11961,4154,16267,15115
Acacia gum,220,22,14,20,71,42
Protease,165576,29446,14230,1492,20777,49763
Potassium bisulphite,151,33,7,1,26,37
Polyvinyl alcohol,15298,1552,805,45,2870,2736
Calcium ascorbate,83,5,3,1,67,30
Ammonia caramel,23,5,3,1,3,4
Potassium fumarate,5,0,0,0,0,0
Mineral oil medium and low viscosity class II,2,0,0,0,0,0
Fast Green FCF,150,14,7,0,16,13
Fast Yellow AB,4,0,0,0,1,0
Potassium hydroxide,3651,197,127,1,457,785
Fumaric acid,2419,236,237,71,506,470
Sodium aluminium phosphate,7,1,0,0,0,1
Superglycerinated hydrogenated rapeseed oil,304,15,4,3,46,35
Konjac,1594,69,111,122,389,215
Copper sulphate,919,63,37,12,466,127
Magnesium phosphates,79,3,2,0,10,14
Gum ghatti,74,5,3,0,20,7
Disodium tartrate,8,0,0,0,1,1
Tricalcium citrate,8,0,0,0,0,0
4-hexylresorcinol,114,28,5,0,35,22
Xylitol,4661,147,126,91,991,1116
Sorbitol,14143,771,573,110,2835,2544
Aluminium sulphate,178,7,2,0,18,26
Sorbitan monolaurate,218,17,10,1,40,36
Calcium erythorbin,710726,84602,38078,2726,116175,182818
Calcium stearoyl fumarate,0,0,0,0,0,0
E414a food additive,0,0,0,0,0,0
Curcumin,28381,0,7360,640,22440,10240
saccharin and its salts,97,22,1,1,12,9
Lactic acid esters of mono- and diglycerides of fatty acids,5,0,0,1,0,0
Yellow iron oxide,15,1,0,0,5,3
Phytic acid,5994,611,141,75,1052,1412
Ascorbic acid,69267,8559,3227,244,57766,16022
Cryptoaxanthin,0,0,0,0,0,0
Neohesperidine dihydrochalcone,16,2,0,0,0,5
Phosphated distarch phosphate,78,3,0,2,10,8
Heptylparaben,14,2,1,2,2,9
Monosodium citrate,10,0,0,0,1,2
